{"IcoMoonType":"selection","icons":[{"icon":{"paths":["M441.725 843.294c89.097-0.018 175.627-29.847 245.813-84.727l220.66 220.66 70.975-70.975-220.66-220.666c54.917-70.192 84.757-156.739 84.781-245.859 0-221.415-180.152-401.568-401.569-401.568-221.415 0-401.568 180.154-401.568 401.568 0 221.416 180.154 401.568 401.568 401.568zM441.725 140.55c166.098 0 301.175 135.078 301.175 301.176 0 166.102-135.078 301.179-301.175 301.179-166.099 0-301.176-135.078-301.176-301.179 0-166.099 135.078-301.176 301.176-301.176z"],"attrs":[{"fill":"rgb(255, 255, 255)"}],"isMulticolor":false,"isMulticolor2":false,"grid":0,"tags":["search"]},"attrs":[{"fill":"rgb(255, 255, 255)"}],"properties":{"order":15,"id":0,"name":"search","prevSize":32,"code":59648},"setIdx":0,"setId":4,"iconIdx":0}],"height":1024,"metadata":{"name":"icomoon"},"preferences":{"showGlyphs":true,"showQuickUse":true,"showQuickUse2":true,"showSVGs":true,"fontPref":{"prefix":"icon-","metadata":{"fontFamily":"icomoon"},"metrics":{"emSize":1024,"baseline":6.25,"whitespace":50},"embed":false},"imagePref":{"prefix":"icon-","png":true,"useClassSelector":true,"color":0,"bgColor":16777215,"classSelector":".icon"},"historySize":50,"showCodes":true,"gridSize":16}}